{"coefficients": [0.17674062028692272, 0.5568265078972983, -0.008011163373069983, 0.318206349849099, 0.037207148607703015, 0.09592187831499244, 0.10658146144422963, 0.035452910261974446, 0.06855452310876377, 0.2786588421476341, 0.02616307612960648, 0.02821386604596798, -0.0797783372295776, 0.1613706764625932], "intercept": -1.9712591488630347, "scaler_mean": [0.4254127358490566, 49.581957547169814, 0.5061910377358491, 9.114091981132075, 0.030660377358490566, 0.005601415094339622, 0.3136792452830189, 0.02741745283018868, 237.16008254716982, 132.4662441037736, 82.99366155660377, 25.82603773584906, 76.09551886792453, 81.74410377358491], "scaler_scale": [0.49440544093534955, 8.55057815203433, 0.49996166958253235, 11.932974747385002, 0.17239581960919328, 0.07463269553808521, 0.46398768988163325, 0.16329646692593525, 43.523815845441476, 22.269392022117554, 12.0171128191466, 4.115092617253712, 11.95198545575377, 22.856761997450537], "feature_names": ["male", "age", "currentSmoker", "cigsPerDay", "BPMeds", "prevalentStroke", "prevalentHyp", "diabetes", "totChol", "sysBP", "diaBP", "BMI", "heartRate", "glucose"]}